feature_name,min,max,step,risk_range_min,risk_range_max
bytes.entropy,0.118391,0.999976,0.00,0,9
bytes.bytes,3328.0,26965504.0,24533.37,0,9
bytes.histogram.0,0.0,3505289.0,3189.53,0,9
bytes.histogram.1,0.0,105046.0,95.58,0,9
bytes.histogram.2,0.0,102496.0,93.26,0,9
bytes.histogram.3,0.0,280421.0,255.16,0,9
bytes.histogram.4,0.0,102091.0,92.89,0,9
bytes.histogram.5,0.0,103420.0,94.10,0,9
bytes.histogram.6,0.0,137714.0,125.31,0,9
bytes.histogram.7,0.0,280359.0,255.10,0,9
bytes.histogram.8,0.0,103773.0,94.42,0,9
bytes.histogram.9,0.0,102972.0,93.70,0,9
bytes.histogram.10,2.0,668236.0,608.04,0,9
bytes.histogram.11,0.0,104071.0,94.70,0,9
bytes.histogram.12,0.0,102370.0,93.15,0,9
bytes.histogram.13,0.0,667953.0,607.78,0,9
bytes.histogram.14,0.0,103954.0,94.59,0,9
bytes.histogram.15,0.0,107245.0,97.58,0,9
bytes.histogram.16,0.0,102796.0,93.54,0,9
bytes.histogram.17,0.0,102913.0,93.64,0,9
bytes.histogram.18,0.0,102802.0,93.54,0,9
bytes.histogram.19,0.0,104791.0,95.35,0,9
bytes.histogram.20,0.0,101907.0,92.73,0,9
bytes.histogram.21,0.0,103561.0,94.23,0,9
bytes.histogram.22,0.0,103000.0,93.72,0,9
bytes.histogram.23,0.0,105087.0,95.62,0,9
bytes.histogram.24,0.0,102179.0,92.97,0,9
bytes.histogram.25,0.0,103161.0,93.87,0,9
bytes.histogram.26,0.0,103631.0,94.30,0,9
bytes.histogram.27,0.0,104290.0,94.90,0,9
bytes.histogram.28,0.0,103769.0,94.42,0,9
bytes.histogram.29,0.0,104343.0,94.94,0,9
bytes.histogram.30,0.0,105296.0,95.81,0,9
bytes.histogram.31,0.0,107447.0,97.77,0,9
bytes.histogram.32,4.0,109304.0,99.45,0,9
bytes.histogram.33,0.0,103035.0,93.75,0,9
bytes.histogram.34,0.0,103107.0,93.82,0,9
bytes.histogram.35,0.0,103556.0,94.23,0,9
bytes.histogram.36,0.0,102625.0,93.38,0,9
bytes.histogram.37,0.0,103559.0,94.23,0,9
bytes.histogram.38,0.0,104007.0,94.64,0,9
bytes.histogram.39,0.0,105259.0,95.78,0,9
bytes.histogram.40,0.0,2839507.0,2583.72,0,9
bytes.histogram.41,0.0,103197.0,93.90,0,9
bytes.histogram.42,0.0,103356.0,94.05,0,9
bytes.histogram.43,0.0,297722.0,270.90,0,9
bytes.histogram.44,0.0,103452.0,94.13,0,9
bytes.histogram.45,0.0,104331.0,94.93,0,9
bytes.histogram.46,5.0,104597.0,95.17,0,9
bytes.histogram.47,0.0,106739.0,97.12,0,9
bytes.histogram.48,2.0,102601.0,93.36,0,9
bytes.histogram.49,1.0,103483.0,94.16,0,9
bytes.histogram.50,0.0,276905.0,251.96,0,9
bytes.histogram.51,0.0,105206.0,95.73,0,9
bytes.histogram.52,0.0,287098.0,261.24,0,9
bytes.histogram.53,0.0,104299.0,94.90,0,9
bytes.histogram.54,1.0,104336.0,94.94,0,9
bytes.histogram.55,0.0,105927.0,96.38,0,9
bytes.histogram.56,0.0,103925.0,94.56,0,9
bytes.histogram.57,0.0,278558.0,253.46,0,9
bytes.histogram.58,0.0,104726.0,95.29,0,9
bytes.histogram.59,0.0,106889.0,97.26,0,9
bytes.histogram.60,0.0,105189.0,95.71,0,9
bytes.histogram.61,0.0,106637.0,97.03,0,9
bytes.histogram.62,0.0,106398.0,96.81,0,9
bytes.histogram.63,0.0,109532.0,99.67,0,9
bytes.histogram.64,0.0,103698.0,94.36,0,9
bytes.histogram.65,3.0,726749.0,661.28,0,9
bytes.histogram.66,2.0,102452.0,93.22,0,9
bytes.histogram.67,4.0,104419.0,95.01,0,9
bytes.histogram.68,4.0,103513.0,94.18,0,9
bytes.histogram.69,6.0,103645.0,94.30,0,9
bytes.histogram.70,0.0,103397.0,94.08,0,9
bytes.histogram.71,0.0,104806.0,95.36,0,9
bytes.histogram.72,0.0,102762.0,93.51,0,9
bytes.histogram.73,3.0,103520.0,94.19,0,9
bytes.histogram.74,0.0,102716.0,93.46,0,9
bytes.histogram.75,0.0,104614.0,95.19,0,9
bytes.histogram.76,4.0,103077.0,93.79,0,9
bytes.histogram.77,3.0,104976.0,95.52,0,9
bytes.histogram.78,1.0,104684.0,95.25,0,9
bytes.histogram.79,0.0,106294.0,96.72,0,9
bytes.histogram.80,1.0,102937.0,93.66,0,9
bytes.histogram.81,0.0,103447.0,94.13,0,9
bytes.histogram.82,3.0,103380.0,94.06,0,9
bytes.histogram.83,8.0,106529.0,96.93,0,9
bytes.histogram.84,1.0,103304.0,94.00,0,9
bytes.histogram.85,0.0,106273.0,96.70,0,9
bytes.histogram.86,0.0,104408.0,95.00,0,9
bytes.histogram.87,0.0,105430.0,95.93,0,9
bytes.histogram.88,0.0,103581.0,94.25,0,9
bytes.histogram.89,0.0,104086.0,94.71,0,9
bytes.histogram.90,0.0,104044.0,94.67,0,9
bytes.histogram.91,0.0,105189.0,95.71,0,9
bytes.histogram.92,0.0,104371.0,94.97,0,9
bytes.histogram.93,0.0,106150.0,96.59,0,9
bytes.histogram.94,0.0,106013.0,96.46,0,9
bytes.histogram.95,1.0,107875.0,98.16,0,9
bytes.histogram.96,0.0,102709.0,93.46,0,9
bytes.histogram.97,8.0,105035.0,95.57,0,9
bytes.histogram.98,0.0,103685.0,94.34,0,9
bytes.histogram.99,5.0,105583.0,96.07,0,9
bytes.histogram.100,3.0,103823.0,94.47,0,9
bytes.histogram.101,2.0,105248.0,95.77,0,9
bytes.histogram.102,1.0,104182.0,94.80,0,9
bytes.histogram.103,0.0,105573.0,96.06,0,9
bytes.histogram.104,1.0,104059.0,94.68,0,9
bytes.histogram.105,3.0,105142.0,95.67,0,9
bytes.histogram.106,0.0,104198.0,94.81,0,9
bytes.histogram.107,1.0,105453.0,95.95,0,9
bytes.histogram.108,3.0,104812.0,95.37,0,9
bytes.histogram.109,0.0,105498.0,95.99,0,9
bytes.histogram.110,2.0,105778.0,96.25,0,9
bytes.histogram.111,8.0,108000.0,98.26,0,9
bytes.histogram.112,3.0,104848.0,95.40,0,9
bytes.histogram.113,0.0,104777.0,95.34,0,9
bytes.histogram.114,4.0,104909.0,95.45,0,9
bytes.histogram.115,4.0,106026.0,96.47,0,9
bytes.histogram.116,12.0,105876.0,96.33,0,9
bytes.histogram.117,6.0,106101.0,96.54,0,9
bytes.histogram.118,1.0,105986.0,96.44,0,9
bytes.histogram.119,0.0,108716.0,98.92,0,9
bytes.histogram.120,0.0,105395.0,95.90,0,9
bytes.histogram.121,1.0,105902.0,96.36,0,9
bytes.histogram.122,0.0,106101.0,96.54,0,9
bytes.histogram.123,0.0,107021.0,97.38,0,9
bytes.histogram.124,0.0,106241.0,96.67,0,9
bytes.histogram.125,0.0,107194.0,97.54,0,9
bytes.histogram.126,0.0,108413.0,98.65,0,9
bytes.histogram.127,0.0,111677.0,101.62,0,9
bytes.histogram.128,0.0,105047.0,95.58,0,9
bytes.histogram.129,0.0,103439.0,94.12,0,9
bytes.histogram.130,0.0,102784.0,93.53,0,9
bytes.histogram.131,0.0,104788.0,95.35,0,9
bytes.histogram.132,0.0,2841985.0,2585.97,0,9
bytes.histogram.133,0.0,104142.0,94.76,0,9
bytes.histogram.134,0.0,103856.0,94.50,0,9
bytes.histogram.135,0.0,105409.0,95.91,0,9
bytes.histogram.136,0.0,103803.0,94.45,0,9
bytes.histogram.137,0.0,104115.0,94.74,0,9
bytes.histogram.138,0.0,103580.0,94.25,0,9
bytes.histogram.139,0.0,160620.0,146.15,0,9
bytes.histogram.140,0.0,103616.0,94.28,0,9
bytes.histogram.141,0.0,105757.0,96.23,0,9
bytes.histogram.142,0.0,105041.0,95.58,0,9
bytes.histogram.143,0.0,106792.0,97.17,0,9
bytes.histogram.144,0.0,102912.0,93.64,0,9
bytes.histogram.145,0.0,103798.0,94.45,0,9
bytes.histogram.146,0.0,102886.0,93.62,0,9
bytes.histogram.147,0.0,104655.0,95.23,0,9
bytes.histogram.148,0.0,103287.0,93.98,0,9
bytes.histogram.149,0.0,104382.0,94.98,0,9
bytes.histogram.150,0.0,104334.0,94.94,0,9
bytes.histogram.151,0.0,106117.0,96.56,0,9
bytes.histogram.152,0.0,103356.0,94.05,0,9
bytes.histogram.153,0.0,103806.0,94.45,0,9
bytes.histogram.154,0.0,104138.0,94.76,0,9
bytes.histogram.155,0.0,105037.0,95.58,0,9
bytes.histogram.156,0.0,105029.0,95.57,0,9
bytes.histogram.157,0.0,105468.0,95.97,0,9
bytes.histogram.158,0.0,106222.0,96.65,0,9
bytes.histogram.159,0.0,108140.0,98.40,0,9
bytes.histogram.160,0.0,102762.0,93.51,0,9
bytes.histogram.161,0.0,103686.0,94.35,0,9
bytes.histogram.162,0.0,104100.0,94.72,0,9
bytes.histogram.163,0.0,104390.0,94.99,0,9
bytes.histogram.164,0.0,103239.0,93.94,0,9
bytes.histogram.165,0.0,104098.0,94.72,0,9
bytes.histogram.166,0.0,104093.0,94.72,0,9
bytes.histogram.167,0.0,105678.0,96.16,0,9
bytes.histogram.168,0.0,103594.0,94.26,0,9
bytes.histogram.169,0.0,103776.0,94.43,0,9
bytes.histogram.170,0.0,105809.0,96.28,0,9
bytes.histogram.171,0.0,105655.0,96.14,0,9
bytes.histogram.172,0.0,104533.0,95.12,0,9
bytes.histogram.173,0.0,104775.0,95.34,0,9
bytes.histogram.174,0.0,105722.0,96.20,0,9
bytes.histogram.175,0.0,107119.0,97.47,0,9
bytes.histogram.176,0.0,104150.0,94.77,0,9
bytes.histogram.177,0.0,104503.0,95.09,0,9
bytes.histogram.178,0.0,103948.0,94.58,0,9
bytes.histogram.179,0.0,105129.0,95.66,0,9
bytes.histogram.180,0.0,103990.0,94.62,0,9
bytes.histogram.181,0.0,105032.0,95.57,0,9
bytes.histogram.182,0.0,105088.0,95.62,0,9
bytes.histogram.183,0.0,107538.0,97.85,0,9
bytes.histogram.184,0.0,104561.0,95.14,0,9
bytes.histogram.185,0.0,105930.0,96.39,0,9
bytes.histogram.186,0.0,105951.0,96.41,0,9
bytes.histogram.187,0.0,108763.0,98.97,0,9
bytes.histogram.188,0.0,106426.0,96.84,0,9
bytes.histogram.189,0.0,107666.0,97.97,0,9
bytes.histogram.190,0.0,107327.0,97.66,0,9
bytes.histogram.191,0.0,110436.0,100.49,0,9
bytes.histogram.192,0.0,103988.0,94.62,0,9
bytes.histogram.193,0.0,103210.0,93.91,0,9
bytes.histogram.194,0.0,103841.0,94.49,0,9
bytes.histogram.195,0.0,105576.0,96.07,0,9
bytes.histogram.196,0.0,104752.0,95.32,0,9
bytes.histogram.197,0.0,615958.0,560.47,0,9
bytes.histogram.198,0.0,105427.0,95.93,0,9
bytes.histogram.199,0.0,106508.0,96.91,0,9
bytes.histogram.200,0.0,103992.0,94.62,0,9
bytes.histogram.201,0.0,104777.0,95.34,0,9
bytes.histogram.202,0.0,104321.0,94.92,0,9
bytes.histogram.203,0.0,105555.0,96.05,0,9
bytes.histogram.204,0.0,105547.0,96.04,0,9
bytes.histogram.205,0.0,105788.0,96.26,0,9
bytes.histogram.206,0.0,137708.0,125.30,0,9
bytes.histogram.207,0.0,107905.0,98.18,0,9
bytes.histogram.208,0.0,104471.0,95.06,0,9
bytes.histogram.209,0.0,105263.0,95.78,0,9
bytes.histogram.210,0.0,104675.0,95.25,0,9
bytes.histogram.211,0.0,105521.0,96.02,0,9
bytes.histogram.212,0.0,104502.0,95.09,0,9
bytes.histogram.213,0.0,105379.0,95.89,0,9
bytes.histogram.214,0.0,105062.0,95.60,0,9
bytes.histogram.215,0.0,107468.0,97.79,0,9
bytes.histogram.216,0.0,105698.0,96.18,0,9
bytes.histogram.217,0.0,105522.0,96.02,0,9
bytes.histogram.218,0.0,105348.0,95.86,0,9
bytes.histogram.219,0.0,106815.0,97.19,0,9
bytes.histogram.220,0.0,105462.0,95.96,0,9
bytes.histogram.221,0.0,109077.0,99.25,0,9
bytes.histogram.222,0.0,107804.0,98.09,0,9
bytes.histogram.223,0.0,109926.0,100.02,0,9
bytes.histogram.224,0.0,104762.0,95.32,0,9
bytes.histogram.225,0.0,105733.0,96.21,0,9
bytes.histogram.226,0.0,104716.0,95.28,0,9
bytes.histogram.227,0.0,123027.0,111.94,0,9
bytes.histogram.228,0.0,105524.0,96.02,0,9
bytes.histogram.229,0.0,105597.0,96.08,0,9
bytes.histogram.230,0.0,105559.0,96.05,0,9
bytes.histogram.231,0.0,265887.0,241.94,0,9
bytes.histogram.232,0.0,106213.0,96.65,0,9
bytes.histogram.233,0.0,244795.0,222.74,0,9
bytes.histogram.234,0.0,106124.0,96.56,0,9
bytes.histogram.235,0.0,107503.0,97.82,0,9
bytes.histogram.236,0.0,106897.0,97.27,0,9
bytes.histogram.237,0.0,295391.0,268.78,0,9
bytes.histogram.238,0.0,108870.0,99.06,0,9
bytes.histogram.239,0.0,200360.0,182.31,0,9
bytes.histogram.240,0.0,154159.0,140.27,0,9
bytes.histogram.241,0.0,285075.0,259.39,0,9
bytes.histogram.242,0.0,183399.0,166.88,0,9
bytes.histogram.243,0.0,561344.0,510.78,0,9
bytes.histogram.244,0.0,106552.0,96.95,0,9
bytes.histogram.245,0.0,107320.0,97.65,0,9
bytes.histogram.246,0.0,107433.0,97.76,0,9
bytes.histogram.247,0.0,420432.0,382.56,0,9
bytes.histogram.248,0.0,107825.0,98.11,0,9
bytes.histogram.249,0.0,107955.0,98.23,0,9
bytes.histogram.250,0.0,108121.0,98.38,0,9
bytes.histogram.251,0.0,110166.0,100.24,0,9
bytes.histogram.252,0.0,109198.0,99.36,0,9
bytes.histogram.253,0.0,271728.0,247.25,0,9
bytes.histogram.254,0.0,156750.0,142.63,0,9
bytes.histogram.255,0.0,7948729.0,7232.69,0,9
assembly.histograms.shr,0.0,1932.0,1.76,0,9
assembly.statistics.global.function.calls,0.0,22458.0,20.43,0,9
assembly.statistics.global.blocks,0.0,440667.0,400.97,0,9
assembly.histograms.ucjmp,0.0,0.0,0.00,0,9
assembly.statistics.global.function.block.op.size,0.0,2299211.0,2092.09,0,9
assembly.statistics.global.function.missing-jumps,0.0,7692.0,7.00,0,9
assembly.histograms.shl,0.0,1558.0,1.42,0,9
assembly.statistics.global.function.size,0.0,384138108.0,349534.22,0,9
assembly.histograms.ill,0.0,0.0,0.00,0,9
assembly.statistics.global.jumps,0.0,294522.0,267.99,0,9
assembly.statistics.global.block.missing-calls,0.0,31751.0,28.89,0,9
assembly.statistics.global.block.fallthroughs,0.0,826344.0,751.91,0,9
assembly.statistics.global.op.size,0.0,2299211.0,2092.09,0,9
assembly.histograms.jmp,0.0,53799.0,48.95,0,9
assembly.histograms.swi,0.0,4020.0,3.66,0,9
assembly.histograms.io,0.0,65080.0,59.22,0,9
assembly.histograms.call,0.0,39514.0,35.95,0,9
assembly.histograms.mul,0.0,21650.0,19.70,0,9
assembly.histograms.lea,0.0,14742.0,13.41,0,9
assembly.histograms.cret,0.0,0.0,0.00,0,9
assembly.histograms.unk,0.0,585.0,0.53,0,9
assembly.statistics.global.block.size,0.0,2299211.0,2092.09,0,9
assembly.statistics.global.function.block.size,0.0,2299211.0,2092.09,0,9
assembly.statistics.global.function.block.fallthroughs,0.0,826344.0,751.91,0,9
assembly.histograms.add,0.0,183109.0,166.61,0,9
assembly.statistics.global.missing-calls,0.0,31751.0,28.89,0,9
assembly.statistics.global.ops,0.0,1265393.0,1151.40,0,9
assembly.histograms.cpl,0.0,0.0,0.00,0,9
assembly.statistics.global.block.missing-jumps,0.0,7692.0,7.00,0,9
assembly.statistics.global.function.fallthroughs,0.0,1257487.0,1144.21,0,9
assembly.statistics.global.function.block.ops,0.0,1265393.0,1151.40,0,9
assembly.histograms.sar,0.0,754.0,0.69,0,9
assembly.statistics.global.function.nargs,0.0,4226.0,3.85,0,9
assembly.histograms.sal,0.0,1756.0,1.60,0,9
assembly.histograms.ror,0.0,15433.0,14.04,0,9
assembly.histograms.push,0.0,35463.0,32.27,0,9
assembly.histograms.rol,0.0,1731.0,1.58,0,9
assembly.histograms.ujmp,0.0,7690.0,7.00,0,9
assembly.statistics.global.block.jumps,0.0,294522.0,267.99,0,9
assembly.histograms.xchg,0.0,0.0,0.00,0,9
assembly.histograms.uccall,0.0,0.0,0.00,0,9
assembly.histograms.or,0.0,30311.0,27.58,0,9
assembly.statistics.global.functions,0.0,17429.0,15.86,0,9
assembly.histograms.mov,0.0,83601.0,76.07,0,9
assembly.histograms.mod,0.0,322.0,0.29,0,9
assembly.histograms.upush,0.0,217232.0,197.66,0,9
assembly.statistics.global.function.ops,0.0,1265393.0,1151.40,0,9
assembly.histograms.trap,0.0,1930.0,1.76,0,9
assembly.statistics.global.function.missing-calls,0.0,31751.0,28.89,0,9
assembly.histograms.acmp,0.0,28355.0,25.80,0,9
assembly.statistics.global.function.jumps,0.0,294522.0,267.99,0,9
assembly.histograms.div,0.0,1962.0,1.79,0,9
assembly.histograms.ucall,0.0,10267.0,9.34,0,9
assembly.histograms.cast,0.0,0.0,0.00,0,9
assembly.histograms.xor,0.0,59254.0,53.92,0,9
assembly.histograms.abs,0.0,0.0,0.00,0,9
assembly.histograms.ret,0.0,7173.0,6.53,0,9
assembly.histograms.case,0.0,0.0,0.00,0,9
assembly.statistics.global.function.op.size,0.0,2299211.0,2092.09,0,9
assembly.histograms.pop,0.0,149538.0,136.07,0,9
assembly.statistics.global.function.block.missing-jumps,0.0,7692.0,7.00,0,9
assembly.histograms.load,0.0,8801.0,8.01,0,9
assembly.histograms.null,0.0,142484.0,129.65,0,9
assembly.statistics.global.function.block.calls,0.0,22458.0,20.43,0,9
assembly.histograms.nor,0.0,0.0,0.00,0,9
assembly.histograms.nop,0.0,3337.0,3.04,0,9
assembly.histograms.crypto,0.0,0.0,0.00,0,9
assembly.histograms.not,0.0,232.0,0.21,0,9
assembly.histograms.and,0.0,157519.0,143.33,0,9
assembly.histograms.store,0.0,9093.0,8.27,0,9
assembly.statistics.global.block.calls,0.0,22458.0,20.43,0,9
assembly.histograms.ccall,0.0,0.0,0.00,0,9
assembly.histograms.leave,0.0,0.0,0.00,0,9
assembly.histograms.switch,0.0,136.0,0.12,0,9
assembly.statistics.global.calls,0.0,22458.0,20.43,0,9
assembly.histograms.cmp,0.0,28822.0,26.23,0,9
assembly.histograms.cjmp,0.0,244956.0,222.89,0,9
assembly.statistics.global.missing-jumps,0.0,7692.0,7.00,0,9
assembly.statistics.global.function.block.jumps,0.0,294522.0,267.99,0,9
assembly.histograms.new,0.0,0.0,0.00,0,9
assembly.histograms.invalid,0.0,124223.0,113.03,0,9
assembly.statistics.global.block.op.size,0.0,2299211.0,2092.09,0,9
assembly.statistics.global.function.blocks,0.0,440667.0,400.97,0,9
assembly.statistics.global.function.block.missing-calls,0.0,31751.0,28.89,0,9
assembly.histograms.length,0.0,0.0,0.00,0,9
assembly.histograms.cmov,0.0,1015.0,0.92,0,9
assembly.statistics.global.block.ops,0.0,1265393.0,1151.40,0,9
assembly.statistics.global.function.ninstr,0.0,18015992.0,16393.08,0,9
assembly.histograms.sub,0.0,117003.0,106.46,0,9
