feature_name,min,max,step
bytes.entropy,0.118391,0.999976,0.001
bytes.bytes,3328.0,26965504.0,24533.372
bytes.histogram.0,0.0,3505289.0,3189.526
bytes.histogram.1,0.0,105046.0,95.583
bytes.histogram.2,0.0,102496.0,93.263
bytes.histogram.3,0.0,280421.0,255.160
bytes.histogram.4,0.0,102091.0,92.894
bytes.histogram.5,0.0,103420.0,94.104
bytes.histogram.6,0.0,137714.0,125.308
bytes.histogram.7,0.0,280359.0,255.104
bytes.histogram.8,0.0,103773.0,94.425
bytes.histogram.9,0.0,102972.0,93.696
bytes.histogram.10,2.0,668236.0,608.038
bytes.histogram.11,0.0,104071.0,94.696
bytes.histogram.12,0.0,102370.0,93.148
bytes.histogram.13,0.0,667953.0,607.783
bytes.histogram.14,0.0,103954.0,94.590
bytes.histogram.15,0.0,107245.0,97.584
bytes.histogram.16,0.0,102796.0,93.536
bytes.histogram.17,0.0,102913.0,93.642
bytes.histogram.18,0.0,102802.0,93.541
bytes.histogram.19,0.0,104791.0,95.351
bytes.histogram.20,0.0,101907.0,92.727
bytes.histogram.21,0.0,103561.0,94.232
bytes.histogram.22,0.0,103000.0,93.722
bytes.histogram.23,0.0,105087.0,95.621
bytes.histogram.24,0.0,102179.0,92.975
bytes.histogram.25,0.0,103161.0,93.868
bytes.histogram.26,0.0,103631.0,94.296
bytes.histogram.27,0.0,104290.0,94.895
bytes.histogram.28,0.0,103769.0,94.421
bytes.histogram.29,0.0,104343.0,94.944
bytes.histogram.30,0.0,105296.0,95.811
bytes.histogram.31,0.0,107447.0,97.768
bytes.histogram.32,4.0,109304.0,99.454
bytes.histogram.33,0.0,103035.0,93.753
bytes.histogram.34,0.0,103107.0,93.819
bytes.histogram.35,0.0,103556.0,94.227
bytes.histogram.36,0.0,102625.0,93.380
bytes.histogram.37,0.0,103559.0,94.230
bytes.histogram.38,0.0,104007.0,94.638
bytes.histogram.39,0.0,105259.0,95.777
bytes.histogram.40,0.0,2839507.0,2583.719
bytes.histogram.41,0.0,103197.0,93.901
bytes.histogram.42,0.0,103356.0,94.045
bytes.histogram.43,0.0,297722.0,270.903
bytes.histogram.44,0.0,103452.0,94.133
bytes.histogram.45,0.0,104331.0,94.933
bytes.histogram.46,5.0,104597.0,95.170
bytes.histogram.47,0.0,106739.0,97.124
bytes.histogram.48,2.0,102601.0,93.357
bytes.histogram.49,1.0,103483.0,94.160
bytes.histogram.50,0.0,276905.0,251.961
bytes.histogram.51,0.0,105206.0,95.729
bytes.histogram.52,0.0,287098.0,261.236
bytes.histogram.53,0.0,104299.0,94.904
bytes.histogram.54,1.0,104336.0,94.936
bytes.histogram.55,0.0,105927.0,96.385
bytes.histogram.56,0.0,103925.0,94.563
bytes.histogram.57,0.0,278558.0,253.465
bytes.histogram.58,0.0,104726.0,95.292
bytes.histogram.59,0.0,106889.0,97.260
bytes.histogram.60,0.0,105189.0,95.713
bytes.histogram.61,0.0,106637.0,97.031
bytes.histogram.62,0.0,106398.0,96.813
bytes.histogram.63,0.0,109532.0,99.665
bytes.histogram.64,0.0,103698.0,94.357
bytes.histogram.65,3.0,726749.0,661.279
bytes.histogram.66,2.0,102452.0,93.221
bytes.histogram.67,4.0,104419.0,95.009
bytes.histogram.68,4.0,103513.0,94.185
bytes.histogram.69,6.0,103645.0,94.303
bytes.histogram.70,0.0,103397.0,94.083
bytes.histogram.71,0.0,104806.0,95.365
bytes.histogram.72,0.0,102762.0,93.505
bytes.histogram.73,3.0,103520.0,94.192
bytes.histogram.74,0.0,102716.0,93.463
bytes.histogram.75,0.0,104614.0,95.190
bytes.histogram.76,4.0,103077.0,93.788
bytes.histogram.77,3.0,104976.0,95.517
bytes.histogram.78,1.0,104684.0,95.253
bytes.histogram.79,0.0,106294.0,96.719
bytes.histogram.80,1.0,102937.0,93.663
bytes.histogram.81,0.0,103447.0,94.128
bytes.histogram.82,3.0,103380.0,94.065
bytes.histogram.83,8.0,106529.0,96.925
bytes.histogram.84,1.0,103304.0,93.997
bytes.histogram.85,0.0,106273.0,96.700
bytes.histogram.86,0.0,104408.0,95.003
bytes.histogram.87,0.0,105430.0,95.933
bytes.histogram.88,0.0,103581.0,94.250
bytes.histogram.89,0.0,104086.0,94.710
bytes.histogram.90,0.0,104044.0,94.672
bytes.histogram.91,0.0,105189.0,95.713
bytes.histogram.92,0.0,104371.0,94.969
bytes.histogram.93,0.0,106150.0,96.588
bytes.histogram.94,0.0,106013.0,96.463
bytes.histogram.95,1.0,107875.0,98.157
bytes.histogram.96,0.0,102709.0,93.457
bytes.histogram.97,8.0,105035.0,95.566
bytes.histogram.98,0.0,103685.0,94.345
bytes.histogram.99,5.0,105583.0,96.067
bytes.histogram.100,3.0,103823.0,94.468
bytes.histogram.101,2.0,105248.0,95.765
bytes.histogram.102,1.0,104182.0,94.796
bytes.histogram.103,0.0,105573.0,96.063
bytes.histogram.104,1.0,104059.0,94.684
bytes.histogram.105,3.0,105142.0,95.668
bytes.histogram.106,0.0,104198.0,94.812
bytes.histogram.107,1.0,105453.0,95.953
bytes.histogram.108,3.0,104812.0,95.368
bytes.histogram.109,0.0,105498.0,95.995
bytes.histogram.110,2.0,105778.0,96.247
bytes.histogram.111,8.0,108000.0,98.264
bytes.histogram.112,3.0,104848.0,95.400
bytes.histogram.113,0.0,104777.0,95.338
bytes.histogram.114,4.0,104909.0,95.455
bytes.histogram.115,4.0,106026.0,96.471
bytes.histogram.116,12.0,105876.0,96.328
bytes.histogram.117,6.0,106101.0,96.538
bytes.histogram.118,1.0,105986.0,96.438
bytes.histogram.119,0.0,108716.0,98.923
bytes.histogram.120,0.0,105395.0,95.901
bytes.histogram.121,1.0,105902.0,96.361
bytes.histogram.122,0.0,106101.0,96.543
bytes.histogram.123,0.0,107021.0,97.380
bytes.histogram.124,0.0,106241.0,96.671
bytes.histogram.125,0.0,107194.0,97.538
bytes.histogram.126,0.0,108413.0,98.647
bytes.histogram.127,0.0,111677.0,101.617
bytes.histogram.128,0.0,105047.0,95.584
bytes.histogram.129,0.0,103439.0,94.121
bytes.histogram.130,0.0,102784.0,93.525
bytes.histogram.131,0.0,104788.0,95.348
bytes.histogram.132,0.0,2841985.0,2585.974
bytes.histogram.133,0.0,104142.0,94.761
bytes.histogram.134,0.0,103856.0,94.500
bytes.histogram.135,0.0,105409.0,95.914
bytes.histogram.136,0.0,103803.0,94.452
bytes.histogram.137,0.0,104115.0,94.736
bytes.histogram.138,0.0,103580.0,94.249
bytes.histogram.139,0.0,160620.0,146.151
bytes.histogram.140,0.0,103616.0,94.282
bytes.histogram.141,0.0,105757.0,96.230
bytes.histogram.142,0.0,105041.0,95.579
bytes.histogram.143,0.0,106792.0,97.172
bytes.histogram.144,0.0,102912.0,93.641
bytes.histogram.145,0.0,103798.0,94.448
bytes.histogram.146,0.0,102886.0,93.618
bytes.histogram.147,0.0,104655.0,95.227
bytes.histogram.148,0.0,103287.0,93.983
bytes.histogram.149,0.0,104382.0,94.979
bytes.histogram.150,0.0,104334.0,94.935
bytes.histogram.151,0.0,106117.0,96.558
bytes.histogram.152,0.0,103356.0,94.045
bytes.histogram.153,0.0,103806.0,94.455
bytes.histogram.154,0.0,104138.0,94.757
bytes.histogram.155,0.0,105037.0,95.575
bytes.histogram.156,0.0,105029.0,95.568
bytes.histogram.157,0.0,105468.0,95.967
bytes.histogram.158,0.0,106222.0,96.653
bytes.histogram.159,0.0,108140.0,98.399
bytes.histogram.160,0.0,102762.0,93.505
bytes.histogram.161,0.0,103686.0,94.346
bytes.histogram.162,0.0,104100.0,94.722
bytes.histogram.163,0.0,104390.0,94.986
bytes.histogram.164,0.0,103239.0,93.939
bytes.histogram.165,0.0,104098.0,94.721
bytes.histogram.166,0.0,104093.0,94.716
bytes.histogram.167,0.0,105678.0,96.158
bytes.histogram.168,0.0,103594.0,94.262
bytes.histogram.169,0.0,103776.0,94.428
bytes.histogram.170,0.0,105809.0,96.278
bytes.histogram.171,0.0,105655.0,96.137
bytes.histogram.172,0.0,104533.0,95.116
bytes.histogram.173,0.0,104775.0,95.337
bytes.histogram.174,0.0,105722.0,96.198
bytes.histogram.175,0.0,107119.0,97.470
bytes.histogram.176,0.0,104150.0,94.768
bytes.histogram.177,0.0,104503.0,95.089
bytes.histogram.178,0.0,103948.0,94.584
bytes.histogram.179,0.0,105129.0,95.659
bytes.histogram.180,0.0,103990.0,94.622
bytes.histogram.181,0.0,105032.0,95.571
bytes.histogram.182,0.0,105088.0,95.621
bytes.histogram.183,0.0,107538.0,97.851
bytes.histogram.184,0.0,104561.0,95.142
bytes.histogram.185,0.0,105930.0,96.388
bytes.histogram.186,0.0,105951.0,96.407
bytes.histogram.187,0.0,108763.0,98.965
bytes.histogram.188,0.0,106426.0,96.839
bytes.histogram.189,0.0,107666.0,97.967
bytes.histogram.190,0.0,107327.0,97.659
bytes.histogram.191,0.0,110436.0,100.488
bytes.histogram.192,0.0,103988.0,94.621
bytes.histogram.193,0.0,103210.0,93.913
bytes.histogram.194,0.0,103841.0,94.487
bytes.histogram.195,0.0,105576.0,96.066
bytes.histogram.196,0.0,104752.0,95.316
bytes.histogram.197,0.0,615958.0,560.471
bytes.histogram.198,0.0,105427.0,95.930
bytes.histogram.199,0.0,106508.0,96.914
bytes.histogram.200,0.0,103992.0,94.624
bytes.histogram.201,0.0,104777.0,95.338
bytes.histogram.202,0.0,104321.0,94.924
bytes.histogram.203,0.0,105555.0,96.046
bytes.histogram.204,0.0,105547.0,96.039
bytes.histogram.205,0.0,105788.0,96.258
bytes.histogram.206,0.0,137708.0,125.303
bytes.histogram.207,0.0,107905.0,98.185
bytes.histogram.208,0.0,104471.0,95.060
bytes.histogram.209,0.0,105263.0,95.781
bytes.histogram.210,0.0,104675.0,95.246
bytes.histogram.211,0.0,105521.0,96.015
bytes.histogram.212,0.0,104502.0,95.088
bytes.histogram.213,0.0,105379.0,95.886
bytes.histogram.214,0.0,105062.0,95.598
bytes.histogram.215,0.0,107468.0,97.787
bytes.histogram.216,0.0,105698.0,96.177
bytes.histogram.217,0.0,105522.0,96.016
bytes.histogram.218,0.0,105348.0,95.858
bytes.histogram.219,0.0,106815.0,97.193
bytes.histogram.220,0.0,105462.0,95.962
bytes.histogram.221,0.0,109077.0,99.251
bytes.histogram.222,0.0,107804.0,98.093
bytes.histogram.223,0.0,109926.0,100.024
bytes.histogram.224,0.0,104762.0,95.325
bytes.histogram.225,0.0,105733.0,96.208
bytes.histogram.226,0.0,104716.0,95.283
bytes.histogram.227,0.0,123027.0,111.944
bytes.histogram.228,0.0,105524.0,96.018
bytes.histogram.229,0.0,105597.0,96.085
bytes.histogram.230,0.0,105559.0,96.050
bytes.histogram.231,0.0,265887.0,241.935
bytes.histogram.232,0.0,106213.0,96.645
bytes.histogram.233,0.0,244795.0,222.743
bytes.histogram.234,0.0,106124.0,96.564
bytes.histogram.235,0.0,107503.0,97.819
bytes.histogram.236,0.0,106897.0,97.268
bytes.histogram.237,0.0,295391.0,268.782
bytes.histogram.238,0.0,108870.0,99.063
bytes.histogram.239,0.0,200360.0,182.311
bytes.histogram.240,0.0,154159.0,140.272
bytes.histogram.241,0.0,285075.0,259.395
bytes.histogram.242,0.0,183399.0,166.878
bytes.histogram.243,0.0,561344.0,510.777
bytes.histogram.244,0.0,106552.0,96.954
bytes.histogram.245,0.0,107320.0,97.652
bytes.histogram.246,0.0,107433.0,97.755
bytes.histogram.247,0.0,420432.0,382.559
bytes.histogram.248,0.0,107825.0,98.112
bytes.histogram.249,0.0,107955.0,98.230
bytes.histogram.250,0.0,108121.0,98.381
bytes.histogram.251,0.0,110166.0,100.242
bytes.histogram.252,0.0,109198.0,99.361
bytes.histogram.253,0.0,271728.0,247.250
bytes.histogram.254,0.0,156750.0,142.630
bytes.histogram.255,0.0,7948729.0,7232.692
assembly.histograms.shr,0.0,1932.0,1.758
assembly.statistics.global.function.calls,0.0,22458.0,20.435
assembly.statistics.global.blocks,0.0,440667.0,400.971
assembly.histograms.ucjmp,0.0,0.0,0.000
assembly.statistics.global.function.block.op.size,0.0,2299211.0,2092.094
assembly.statistics.global.function.missing-jumps,0.0,7692.0,6.999
assembly.histograms.shl,0.0,1558.0,1.418
assembly.statistics.global.function.size,0.0,384138108.0,349534.220
assembly.histograms.ill,0.0,0.0,0.000
assembly.statistics.global.jumps,0.0,294522.0,267.991
assembly.statistics.global.block.missing-calls,0.0,31751.0,28.891
assembly.statistics.global.block.fallthroughs,0.0,826344.0,751.905
assembly.statistics.global.op.size,0.0,2299211.0,2092.094
assembly.histograms.jmp,0.0,53799.0,48.953
assembly.histograms.swi,0.0,4020.0,3.658
assembly.histograms.io,0.0,65080.0,59.217
assembly.histograms.call,0.0,39514.0,35.955
assembly.histograms.mul,0.0,21650.0,19.700
assembly.histograms.lea,0.0,14742.0,13.414
assembly.histograms.cret,0.0,0.0,0.000
assembly.histograms.unk,0.0,585.0,0.532
assembly.statistics.global.block.size,0.0,2299211.0,2092.094
assembly.statistics.global.function.block.size,0.0,2299211.0,2092.094
assembly.statistics.global.function.block.fallthroughs,0.0,826344.0,751.905
assembly.histograms.add,0.0,183109.0,166.614
assembly.statistics.global.missing-calls,0.0,31751.0,28.891
assembly.statistics.global.ops,0.0,1265393.0,1151.404
assembly.histograms.cpl,0.0,0.0,0.000
assembly.statistics.global.block.missing-jumps,0.0,7692.0,6.999
assembly.statistics.global.function.fallthroughs,0.0,1257487.0,1144.210
assembly.statistics.global.function.block.ops,0.0,1265393.0,1151.404
assembly.histograms.sar,0.0,754.0,0.686
assembly.statistics.global.function.nargs,0.0,4226.0,3.845
assembly.histograms.sal,0.0,1756.0,1.598
assembly.histograms.ror,0.0,15433.0,14.043
assembly.histograms.push,0.0,35463.0,32.268
assembly.histograms.rol,0.0,1731.0,1.575
assembly.histograms.ujmp,0.0,7690.0,6.997
assembly.statistics.global.block.jumps,0.0,294522.0,267.991
assembly.histograms.xchg,0.0,0.0,0.000
assembly.histograms.uccall,0.0,0.0,0.000
assembly.histograms.or,0.0,30311.0,27.581
assembly.statistics.global.functions,0.0,17429.0,15.859
assembly.histograms.mov,0.0,83601.0,76.070
assembly.histograms.mod,0.0,322.0,0.293
assembly.histograms.upush,0.0,217232.0,197.663
assembly.statistics.global.function.ops,0.0,1265393.0,1151.404
assembly.histograms.trap,0.0,1930.0,1.756
assembly.statistics.global.function.missing-calls,0.0,31751.0,28.891
assembly.histograms.acmp,0.0,28355.0,25.801
assembly.statistics.global.function.jumps,0.0,294522.0,267.991
assembly.histograms.div,0.0,1962.0,1.785
assembly.histograms.ucall,0.0,10267.0,9.342
assembly.histograms.cast,0.0,0.0,0.000
assembly.histograms.xor,0.0,59254.0,53.916
assembly.histograms.abs,0.0,0.0,0.000
assembly.histograms.ret,0.0,7173.0,6.527
assembly.histograms.case,0.0,0.0,0.000
assembly.statistics.global.function.op.size,0.0,2299211.0,2092.094
assembly.histograms.pop,0.0,149538.0,136.067
assembly.statistics.global.function.block.missing-jumps,0.0,7692.0,6.999
assembly.histograms.load,0.0,8801.0,8.008
assembly.histograms.null,0.0,142484.0,129.649
assembly.statistics.global.function.block.calls,0.0,22458.0,20.435
assembly.histograms.nor,0.0,0.0,0.000
assembly.histograms.nop,0.0,3337.0,3.036
assembly.histograms.crypto,0.0,0.0,0.000
assembly.histograms.not,0.0,232.0,0.211
assembly.histograms.and,0.0,157519.0,143.329
assembly.histograms.store,0.0,9093.0,8.274
assembly.statistics.global.block.calls,0.0,22458.0,20.435
assembly.histograms.ccall,0.0,0.0,0.000
assembly.histograms.leave,0.0,0.0,0.000
assembly.histograms.switch,0.0,136.0,0.124
assembly.statistics.global.calls,0.0,22458.0,20.435
assembly.histograms.cmp,0.0,28822.0,26.226
assembly.histograms.cjmp,0.0,244956.0,222.890
assembly.statistics.global.missing-jumps,0.0,7692.0,6.999
assembly.statistics.global.function.block.jumps,0.0,294522.0,267.991
assembly.histograms.new,0.0,0.0,0.000
assembly.histograms.invalid,0.0,124223.0,113.033
assembly.statistics.global.block.op.size,0.0,2299211.0,2092.094
assembly.statistics.global.function.blocks,0.0,440667.0,400.971
assembly.statistics.global.function.block.missing-calls,0.0,31751.0,28.891
assembly.histograms.length,0.0,0.0,0.000
assembly.histograms.cmov,0.0,1015.0,0.924
assembly.statistics.global.block.ops,0.0,1265393.0,1151.404
assembly.statistics.global.function.ninstr,0.0,18015992.0,16393.077
assembly.histograms.sub,0.0,117003.0,106.463
